{
  "_fv": 10,
  "_type": "achievement",
  "definition": {
    "achievementName": "�Al abordaje, muchachos!",
    "achievementDescription": "Consigue la espada de Arturo Prat",
    "achievementIcon": {
      "value": "CUSTOM:EspadaDeArturoPrad"
    },
    "background": "Default",
    "disableDisplay": false,
    "showPopup": true,
    "announceToChat": true,
    "hideIfNotCompleted": false,
    "rewardLoot": [],
    "rewardRecipes": [],
    "rewardFunction": "No function",
    "rewardXP": 7,
    "achievementType": "challenge",
    "parent": {
      "value": "adventure/kill_a_mob"
    },
    "triggerxml": "<xml xmlns=\"https://developers.google.com/blockly/xml\"><block type=\"custom_trigger\" x=\"47\" y=\"55\"><next><block type=\"advancement_trigger\" deletable=\"false\"/></next></block></xml>"
  }
}