{
  "_fv": 10,
  "_type": "plant",
  "definition": {
    "renderType": 12,
    "texture": "ananuca",
    "customModelName": "Cross model",
    "plantType": "normal",
    "staticPlantGenerationType": "Flower",
    "growapableSpawnType": "Desert",
    "growapableMaxHeight": 3,
    "name": "A�a�uca",
    "specialInfo": [],
    "creativeTab": {
      "value": "CUSTOM:Chilecraft"
    },
    "hardness": 0.1,
    "resistance": 0.5,
    "luminance": 0.0,
    "unbreakable": false,
    "soundOnStep": {
      "value": "PLANT"
    },
    "customDrop": {
      "value": ""
    },
    "dropAmount": 1,
    "forceTicking": false,
    "emissiveRendering": false,
    "hasTileEntity": false,
    "isReplaceable": false,
    "colorOnMap": "GRASS",
    "creativePickItem": {
      "value": ""
    },
    "offsetType": "XZ",
    "aiPathNodeType": "DEFAULT",
    "flammability": 0,
    "fireSpreadSpeed": 0,
    "frequencyOnChunks": 1,
    "spawnWorldTypes": [
      "Surface"
    ],
    "restrictionBiomes": [
      {
        "value": "desert"
      }
    ]
  }
}