{
  "_fv": 10,
  "_type": "biome",
  "definition": {
    "groundBlock": {
      "value": "Blocks.DIRT#2"
    },
    "undergroundBlock": {
      "value": "Blocks.DIRT#0"
    },
    "generateLakes": false,
    "treeType": 1,
    "vanillaTreeType": "Default",
    "minHeight": 13,
    "spawnVines": false,
    "treeVines": {
      "value": "Blocks.AIR"
    },
    "treeStem": {
      "value": "CUSTOM:Araucaria"
    },
    "treeBranch": {
      "value": "CUSTOM:Leavesaraucary"
    },
    "treeFruits": {
      "value": "Blocks.AIR"
    },
    "treesPerChunk": 0,
    "grassPerChunk": 10,
    "flowersPerChunk": 4,
    "mushroomsPerChunk": 0,
    "bigMushroomsChunk": 0,
    "sandPathcesPerChunk": 0,
    "gravelPatchesPerChunk": 0,
    "reedsPerChunk": 0,
    "cactiPerChunk": 0,
    "rainingPossibility": 0.5,
    "temperature": 0.5,
    "baseHeight": 0.1,
    "heightVariation": 0.2,
    "spawnBiome": true,
    "biomeWeight": 3,
    "biomeType": "WARM",
    "biomeCategory": "FOREST",
    "parent": {
      "value": "forest"
    },
    "biomeDictionaryTypes": [],
    "spawnEntries": [
      {
        "entity": {
          "value": "EntitySheep"
        },
        "minGroup": 3,
        "maxGroup": 7,
        "weight": 20,
        "spawnType": "creature"
      }
    ]
  }
}