{
  "_fv": 10,
  "_type": "achievement",
  "definition": {
    "achievementName": "Brindo por la empana�...",
    "achievementDescription": "Fabrica un empanada",
    "achievementIcon": {
      "value": "CUSTOM:Empanapino"
    },
    "background": "Default",
    "disableDisplay": false,
    "showPopup": true,
    "announceToChat": true,
    "hideIfNotCompleted": false,
    "rewardLoot": [],
    "rewardRecipes": [],
    "rewardFunction": "No function",
    "rewardXP": 1,
    "achievementType": "task",
    "parent": {
      "value": "CUSTOM:Brindo"
    },
    "triggerxml": "<xml xmlns=\"https://developers.google.com/blockly/xml\"><block type=\"custom_trigger\" x=\"45\" y=\"50\"><next><block type=\"advancement_trigger\" deletable=\"false\"/></next></block></xml>"
  }
}