{
  "_fv": 10,
  "_type": "armor",
  "definition": {
    "enableHelmet": true,
    "textureHelmet": "casdoespa",
    "enableBody": false,
    "textureBody": "",
    "enableLeggings": false,
    "textureLeggings": "",
    "enableBoots": false,
    "textureBoots": "",
    "creativeTab": {
      "value": "CUSTOM:Chilecraft"
    },
    "armorTextureFile": "armor_ultra",
    "helmetName": "Casco espa�ol",
    "bodyName": "Cascoespanol Body",
    "leggingsName": "Cascoespanol Leggings",
    "bootsName": "Cascoespanol Boots",
    "helmetSpecialInfo": [],
    "bodySpecialInfo": [],
    "leggingsSpecialInfo": [],
    "bootsSpecialInfo": [],
    "helmetModelName": "Modelcasccococococ",
    "helmetModelPart": "head",
    "helmetModelTexture": "cscodrfg.png",
    "bodyModelName": "Default",
    "bodyModelPart": "Body",
    "bodyModelTexture": "From armor",
    "leggingsModelName": "Default",
    "leggingsModelPartL": "Leggings L",
    "leggingsModelPartR": "Leggings R",
    "leggingsModelTexture": "From armor",
    "bootsModelName": "Default",
    "bootsModelPartL": "Boots L",
    "bootsModelPartR": "Boots R",
    "bootsModelTexture": "From armor",
    "maxDamage": 25,
    "damageValueHelmet": 3,
    "damageValueBody": 6,
    "damageValueLeggings": 5,
    "damageValueBoots": 2,
    "enchantability": 10,
    "toughness": 0.0,
    "equipSound": {
      "value": ""
    },
    "repairItems": []
  }
}