{
  "_fv": 10,
  "_type": "recipe",
  "definition": {
    "recipeType": "Crafting",
    "xpReward": 0.0,
    "cookingTime": 200,
    "recipeRetstackSize": 1,
    "recipeShapeless": true,
    "recipeSlots": [
      {
        "value": "CUSTOM:Plato2"
      },
      {
        "value": "CUSTOM:Maizcocido"
      },
      {
        "value": ""
      },
      {
        "value": "Items.COOKED_CHICKEN"
      },
      {
        "value": "Blocks.PUMPKIN"
      },
      {
        "value": ""
      },
      {
        "value": "Items.BAKED_POTATO"
      },
      {
        "value": ""
      },
      {
        "value": ""
      }
    ],
    "recipeReturnStack": {
      "value": "CUSTOM:Cazuela"
    },
    "name": "cazuealrecipe",
    "namespace": "mod"
  }
}