{
  "_fv": 10,
  "_type": "food",
  "definition": {
    "renderType": 0,
    "texture": "2020-07-11-011841-completo",
    "customModelName": "Normal",
    "name": "Completo",
    "specialInfo": [],
    "creativeTab": {
      "value": "CUSTOM:Chilecraft"
    },
    "stackSize": 64,
    "nutritionalValue": 16,
    "saturation": 0.4,
    "eatingSpeed": 42,
    "forDogs": false,
    "isAlwaysEdible": false,
    "animation": "eat",
    "hasGlow": false,
    "onCrafted": {
      "name": "CompletoItemIsCraftedsmelted"
    }
  }
}