{
  "_fv": 10,
  "_type": "achievement",
  "definition": {
    "achievementName": "Yo te declaro..�Don comedia!",
    "achievementDescription": "Consigue la bolsa de don comedia",
    "achievementIcon": {
      "value": "CUSTOM:Doncomedia.helmet"
    },
    "background": "Default",
    "disableDisplay": false,
    "showPopup": true,
    "announceToChat": true,
    "hideIfNotCompleted": false,
    "rewardLoot": [],
    "rewardRecipes": [],
    "rewardFunction": "No function",
    "rewardXP": 1,
    "achievementType": "challenge",
    "parent": {
      "value": "CUSTOM:Uhkemal"
    },
    "triggerxml": "<xml xmlns=\"https://developers.google.com/blockly/xml\"><block type=\"custom_trigger\" x=\"38\" y=\"48\"><next><block type=\"advancement_trigger\" deletable=\"false\"/></next></block></xml>"
  }
}