{
  "_fv": 10,
  "_type": "food",
  "definition": {
    "renderType": 0,
    "texture": "empanad_queso",
    "customModelName": "Normal",
    "name": "Empanada de queso frita",
    "specialInfo": [],
    "creativeTab": {
      "value": "CUSTOM:Chilecraft"
    },
    "stackSize": 64,
    "nutritionalValue": 7,
    "saturation": 0.4,
    "eatingSpeed": 32,
    "forDogs": false,
    "isAlwaysEdible": false,
    "animation": "eat",
    "hasGlow": false,
    "onCrafted": {
      "name": "EmpanadaItemIsCraftedsmelted"
    }
  }
}