{
  "_fv": 10,
  "_type": "armor",
  "definition": {
    "enableHelmet": true,
    "textureHelmet": "inta_del_apitan_iji",
    "enableBody": true,
    "textureBody": "olera_del_apitan_iji",
    "enableLeggings": true,
    "textureLeggings": "antalones_del_apitan_iji",
    "enableBoots": true,
    "textureBoots": "otas_del_apitan_iji",
    "creativeTab": {
      "value": "CUSTOM:Chilecraft"
    },
    "armorTextureFile": "iji_",
    "helmetName": "Cinta del capitan fiji",
    "bodyName": "Polera del capitan fiji",
    "leggingsName": "Pantalones del capitan fiji",
    "bootsName": "Botas  del capitan fiji",
    "helmetSpecialInfo": [],
    "bodySpecialInfo": [],
    "leggingsSpecialInfo": [],
    "bootsSpecialInfo": [],
    "helmetModelName": "Default",
    "helmetModelPart": "Helmet",
    "helmetModelTexture": "From armor",
    "bodyModelName": "Default",
    "bodyModelPart": "Body",
    "bodyModelTexture": "From armor",
    "leggingsModelName": "Default",
    "leggingsModelPartL": "Leggings L",
    "leggingsModelPartR": "Leggings R",
    "leggingsModelTexture": "From armor",
    "bootsModelName": "Default",
    "bootsModelPartL": "Boots L",
    "bootsModelPartR": "Boots R",
    "bootsModelTexture": "From armor",
    "maxDamage": 600,
    "damageValueHelmet": 4,
    "damageValueBody": 8,
    "damageValueLeggings": 7,
    "damageValueBoots": 4,
    "enchantability": 13,
    "toughness": 2.5,
    "equipSound": {
      "value": "item.armor.equip_diamond"
    },
    "repairItems": []
  }
}