{
  "_fv": 10,
  "_type": "armor",
  "definition": {
    "enableHelmet": false,
    "textureHelmet": "",
    "enableBody": true,
    "textureBody": "2020-09-07-144025-camisa_huasa_elegante",
    "enableLeggings": true,
    "textureLeggings": "2020-09-07-144014-pantalon_de_huasa_elegante",
    "enableBoots": true,
    "textureBoots": "2020-09-07-143957-botas_de_huasa_elegante",
    "creativeTab": {
      "value": "CUSTOM:Chilecraft"
    },
    "armorTextureFile": "huasaelegante_",
    "helmetName": "Huasaelegante Helmet",
    "bodyName": "Camisa Huasaelegante Body",
    "leggingsName": "Pantalones de huasa elegente",
    "bootsName": "Botas de huasa elegente",
    "helmetSpecialInfo": [],
    "bodySpecialInfo": [],
    "leggingsSpecialInfo": [],
    "bootsSpecialInfo": [],
    "helmetModelName": "Default",
    "helmetModelPart": "Helmet",
    "helmetModelTexture": "From armor",
    "bodyModelName": "Default",
    "bodyModelPart": "Body",
    "armsModelPartL": "Arms L",
    "armsModelPartR": "Arms R",
    "bodyModelTexture": "From armor",
    "leggingsModelName": "Default",
    "leggingsModelPartL": "Leggings L",
    "leggingsModelPartR": "Leggings R",
    "leggingsModelTexture": "From armor",
    "bootsModelName": "Default",
    "bootsModelPartL": "Boots L",
    "bootsModelPartR": "Boots R",
    "bootsModelTexture": "From armor",
    "maxDamage": 25,
    "damageValueHelmet": 1,
    "damageValueBody": 1,
    "damageValueLeggings": 1,
    "damageValueBoots": 1,
    "enchantability": 9,
    "toughness": 0.0,
    "equipSound": {
      "value": ""
    },
    "repairItems": []
  }
}