{
  "_fv": 10,
  "_type": "armor",
  "definition": {
    "enableHelmet": false,
    "textureHelmet": "",
    "enableBody": true,
    "textureBody": "2020-09-07-150626-traje_de_china",
    "enableLeggings": false,
    "textureLeggings": "",
    "enableBoots": true,
    "textureBoots": "2020-09-07-150908-botas_de_huasa_china",
    "creativeTab": {
      "value": "CUSTOM:Chilecraft"
    },
    "armorTextureFile": "2020-09-07-150448-huasachina_",
    "helmetName": "Huasachina Helmet",
    "bodyName": "Traje de huasa china ",
    "leggingsName": "Huasachina Leggings",
    "bootsName": "Botas de huasa china ",
    "helmetSpecialInfo": [],
    "bodySpecialInfo": [],
    "leggingsSpecialInfo": [],
    "bootsSpecialInfo": [],
    "helmetModelName": "Default",
    "helmetModelPart": "Helmet",
    "helmetModelTexture": "From armor",
    "bodyModelName": "Default",
    "bodyModelPart": "Body",
    "armsModelPartL": "Arms L",
    "armsModelPartR": "Arms R",
    "bodyModelTexture": "From armor",
    "leggingsModelName": "Default",
    "leggingsModelPartL": "Leggings L",
    "leggingsModelPartR": "Leggings R",
    "leggingsModelTexture": "From armor",
    "bootsModelName": "Default",
    "bootsModelPartL": "Boots L",
    "bootsModelPartR": "Boots R",
    "bootsModelTexture": "From armor",
    "maxDamage": 25,
    "damageValueHelmet": 1,
    "damageValueBody": 1,
    "damageValueLeggings": 1,
    "damageValueBoots": 1,
    "enchantability": 9,
    "toughness": 0.0,
    "equipSound": {
      "value": ""
    },
    "repairItems": []
  }
}