{
  "_fv": 10,
  "_type": "food",
  "definition": {
    "renderType": 0,
    "texture": "uzio_riponsio",
    "customModelName": "Normal",
    "name": "El sucio Kripi",
    "specialInfo": [],
    "creativeTab": {
      "value": "CUSTOM:Chilecraft"
    },
    "stackSize": 1,
    "nutritionalValue": 0,
    "saturation": 0.0,
    "eatingSpeed": 16,
    "forDogs": false,
    "isAlwaysEdible": true,
    "animation": "drink",
    "hasGlow": false,
    "onEaten": {
      "name": "KripiFoodEaten"
    }
  }
}