{
  "_fv": 10,
  "_type": "gun",
  "definition": {
    "renderType": 1,
    "texture": "anza_apuche",
    "customModelName": "lanza:default",
    "name": "Lanza Lautaro",
    "specialInfo": [],
    "creativeTab": {
      "value": "CUSTOM:Chilecraft"
    },
    "stackSize": 1,
    "ammoItem": {
      "value": ""
    },
    "shootConstantly": false,
    "usageCount": 500,
    "actionSound": {
      "value": "entity.arrow.shoot"
    },
    "hasGlow": false,
    "enableMeleeDamage": false,
    "damageVsEntity": 6.0,
    "bulletPower": 1.0,
    "bulletDamage": 2.1,
    "bulletKnockback": 5,
    "bulletParticles": false,
    "bulletIgnitesFire": false,
    "bulletItemTexture": {
      "value": "CUSTOM:LanzaMapuche"
    },
    "bulletModel": "Default",
    "customBulletModelTexture": ""
  }
}