{
  "_fv": 10,
  "_type": "plant",
  "definition": {
    "renderType": 12,
    "texture": "matamaizsl2",
    "customModelName": "Cross model",
    "plantType": "growapable",
    "staticPlantGenerationType": "Flower",
    "growapableSpawnType": "Crop",
    "growapableMaxHeight": 1,
    "name": "Maiz",
    "specialInfo": [],
    "creativeTab": {
      "value": "No creative tab entry"
    },
    "hardness": 0.1,
    "resistance": 0.5,
    "luminance": 0.0,
    "unbreakable": false,
    "soundOnStep": {
      "value": "PLANT"
    },
    "customDrop": {
      "value": "CUSTOM:Maizfruit"
    },
    "dropAmount": 3,
    "forceTicking": false,
    "emissiveRendering": false,
    "hasTileEntity": false,
    "isReplaceable": false,
    "colorOnMap": "GRASS",
    "creativePickItem": {
      "value": ""
    },
    "offsetType": "XZ",
    "aiPathNodeType": "DEFAULT",
    "flammability": 0,
    "fireSpreadSpeed": 0,
    "frequencyOnChunks": 8,
    "spawnWorldTypes": [],
    "restrictionBiomes": [],
    "onTickUpdate": {
      "name": "MaizUpdateTick"
    },
    "onRightClicked": {
      "name": "Maiz3PlantRightClicked"
    }
  }
}