{
  "_fv": 10,
  "_type": "gun",
  "definition": {
    "renderType": 1,
    "texture": "pisco",
    "customModelName": "molotovr:default",
    "name": "Molotov",
    "specialInfo": [],
    "creativeTab": {
      "value": "CUSTOM:Chilecraft"
    },
    "stackSize": 1,
    "ammoItem": {
      "value": ""
    },
    "shootConstantly": false,
    "usageCount": 0,
    "actionSound": {
      "value": "entity.arrow.shoot"
    },
    "hasGlow": false,
    "enableMeleeDamage": false,
    "damageVsEntity": 5.0,
    "onRangedItemUsed": {
      "name": "MolotovdRangedItemUsed"
    },
    "bulletPower": 0.7000000000000001,
    "bulletDamage": 3.0,
    "bulletKnockback": 1,
    "bulletParticles": false,
    "bulletIgnitesFire": true,
    "bulletItemTexture": {
      "value": "CUSTOM:Molotovd"
    },
    "bulletModel": "Default",
    "customBulletModelTexture": "",
    "onBulletHitsBlock": {
      "name": "MolotovdBulletHitsBlockyy"
    },
    "onBulletHitsEntity": {
      "name": "MolotovdBulletHitsLivingEntity"
    }
  }
}