{
  "_fv": 10,
  "_type": "achievement",
  "definition": {
    "achievementName": "Momento haitiano",
    "achievementDescription": "Compra un super8",
    "achievementIcon": {
      "value": "CUSTOM:Super8"
    },
    "background": "Default",
    "disableDisplay": false,
    "showPopup": true,
    "announceToChat": true,
    "hideIfNotCompleted": false,
    "rewardLoot": [],
    "rewardRecipes": [],
    "rewardFunction": "No function",
    "rewardXP": 2,
    "achievementType": "goal",
    "parent": {
      "value": "CUSTOM:Money"
    },
    "triggerxml": "<xml xmlns=\"https://developers.google.com/blockly/xml\"><block type=\"custom_trigger\" x=\"44\" y=\"52\"><next><block type=\"advancement_trigger\" deletable=\"false\"/></next></block></xml>"
  }
}