{
  "_fv": 10,
  "_type": "item",
  "definition": {
    "renderType": 0,
    "texture": "oneda_de_50",
    "customModelName": "Normal",
    "name": "Moneda de 50",
    "creativeTab": {
      "value": "CUSTOM:Chilecraft"
    },
    "stackSize": 64,
    "enchantability": 0,
    "useDuration": 0,
    "toolType": 1.0,
    "damageCount": 0,
    "destroyAnyBlock": false,
    "stayInGridWhenCrafting": false,
    "damageOnCrafting": false,
    "enableMeleeDamage": false,
    "damageVsEntity": 0.0,
    "specialInfo": [],
    "hasGlow": false,
    "inventorySize": 9,
    "inventoryStackSize": 64,
    "onCrafted": {
      "name": "Moneda100ItemIsCraftedsmelted"
    }
  }
}