{
  "_fv": 10,
  "_type": "achievement",
  "definition": {
    "achievementName": "Here comes the money",
    "achievementDescription": "Fabrica plata",
    "achievementIcon": {
      "value": "CUSTOM:Pesos5000"
    },
    "background": "Default",
    "disableDisplay": false,
    "showPopup": true,
    "announceToChat": true,
    "hideIfNotCompleted": false,
    "rewardLoot": [],
    "rewardRecipes": [],
    "rewardFunction": "No function",
    "rewardXP": 1,
    "achievementType": "task",
    "parent": {
      "value": "story/root"
    },
    "triggerxml": "<xml xmlns=\"https://developers.google.com/blockly/xml\"><block type=\"custom_trigger\" x=\"42\" y=\"46\"><next><block type=\"advancement_trigger\" deletable=\"false\"/></next></block></xml>"
  }
}