{
  "_fv": 10,
  "_type": "food",
  "definition": {
    "renderType": 0,
    "texture": "aso_de_mote_con_huesillo",
    "customModelName": "Normal",
    "name": "Mote Con huesillo",
    "specialInfo": [],
    "creativeTab": {
      "value": "CUSTOM:Chilecraft"
    },
    "stackSize": 1,
    "nutritionalValue": 12,
    "saturation": 0.3,
    "eatingSpeed": 32,
    "forDogs": false,
    "isAlwaysEdible": false,
    "animation": "drink",
    "hasGlow": false,
    "onEaten": {
      "name": "MoreconhuesilloFoodEaten"
    }
  }
}