{
  "_fv": 10,
  "_type": "gui",
  "definition": {
    "type": 1,
    "width": 352,
    "height": 332,
    "renderBgLayer": true,
    "doesPauseGame": false,
    "components": [
      {
        "type": "outputslot",
        "data": {
          "id": 0,
          "disableStackInteraction": false,
          "dropItemsWhenNotBound": true,
          "name": "Slot #0",
          "x": 536,
          "y": 146
        }
      },
      {
        "type": "inputslot",
        "data": {
          "inputLimit": {
            "value": ""
          },
          "id": 1,
          "disableStackInteraction": false,
          "dropItemsWhenNotBound": true,
          "name": "Slot #1",
          "x": 302,
          "y": 146
        }
      },
      {
        "type": "inputslot",
        "data": {
          "inputLimit": {
            "value": ""
          },
          "id": 2,
          "disableStackInteraction": false,
          "dropItemsWhenNotBound": true,
          "name": "Slot #2",
          "x": 338,
          "y": 146
        }
      },
      {
        "type": "image",
        "data": {
          "image": "z.png",
          "name": "z.png",
          "x": 402,
          "y": 116
        }
      },
      {
        "type": "label",
        "data": {
          "text": "Olla ",
          "color": {
            "value": -1,
            "falpha": 0.0
          },
          "name": "Olla ",
          "x": 262,
          "y": 82
        }
      }
    ]
  }
}