{
  "_fv": 10,
  "_type": "block",
  "definition": {
    "texture": "anvil_base",
    "textureTop": "furnace_top",
    "textureLeft": "anvil_base",
    "textureFront": "anvil_base",
    "textureRight": "anvil_base",
    "textureBack": "anvil_base",
    "renderType": 2,
    "customModelName": "olla:default",
    "rotationMode": 1,
    "emissiveRendering": false,
    "hasTransparency": true,
    "connectedSides": false,
    "transparencyType": "SOLID",
    "mx": 0.1,
    "my": 0.0,
    "mz": 0.1,
    "Mx": 0.9,
    "My": 0.8,
    "Mz": 0.9,
    "name": "Olla",
    "specialInfo": [],
    "hardness": 1.9000000000000001,
    "resistance": 10.0,
    "hasGravity": false,
    "creativeTab": {
      "value": "CUSTOM:Chilecraft"
    },
    "destroyTool": "pickaxe",
    "customDrop": {
      "value": ""
    },
    "dropAmount": 1,
    "isBeaconBase": false,
    "enchantPowerBonus": 0.0,
    "plantsGrowOn": false,
    "canProvidePower": false,
    "lightOpacity": 0,
    "material": {
      "value": "ANVIL"
    },
    "tickRate": 100,
    "tickRandomly": false,
    "isReplaceable": false,
    "colorOnMap": "DEFAULT",
    "creativePickItem": {
      "value": ""
    },
    "offsetType": "NONE",
    "aiPathNodeType": "DEFAULT",
    "flammability": 0,
    "fireSpreadSpeed": 0,
    "isLadder": false,
    "slipperiness": 0.6,
    "reactionToPushing": "NORMAL",
    "isNotColidable": false,
    "soundOnStep": {
      "value": "METAL"
    },
    "luminance": 0.01,
    "unbreakable": false,
    "breakHarvestLevel": 0,
    "spawnParticles": false,
    "particleToSpawn": {
      "value": "EXPLOSION_NORMAL"
    },
    "particleSpawningShape": "Spread",
    "particleSpawningRadious": 0.5,
    "particleAmount": 4,
    "hasInventory": true,
    "openGUIOnRightClick": false,
    "inventorySize": 9,
    "inventoryStackSize": 8,
    "inventoryDropWhenDestroyed": true,
    "inventoryComparatorPower": true,
    "inventoryOutSlotIDs": [],
    "inventoryInSlotIDs": [],
    "hasEnergyStorage": false,
    "energyInitial": 0,
    "energyCapacity": 400000,
    "energyMaxReceive": 200,
    "energyMaxExtract": 200,
    "isFluidTank": false,
    "fluidCapacity": 8000,
    "onRightClicked": {
      "name": "OllaOnBlockRightClicked"
    },
    "onTickUpdate": {
      "name": "OllaUpdateTick"
    },
    "spawnWorldTypes": [],
    "restrictionBiomes": [],
    "blocksToReplace": [
      {
        "value": "Blocks.STONE"
      }
    ],
    "frequencyPerChunks": 10,
    "frequencyOnChunk": 16,
    "minGenerateHeight": 0,
    "maxGenerateHeight": 64
  }
}