{
  "_fv": 10,
  "_type": "block",
  "definition": {
    "texture": "white_concrete",
    "textureTop": "white_concrete",
    "textureLeft": "white_concrete",
    "textureFront": "white_concrete",
    "textureRight": "white_concrete",
    "textureBack": "white_concrete",
    "renderType": 2,
    "customModelName": "znegativo:default",
    "rotationMode": 1,
    "emissiveRendering": false,
    "hasTransparency": true,
    "connectedSides": false,
    "transparencyType": "SOLID",
    "mx": 0.2,
    "my": 0.2,
    "mz": 1.0,
    "Mx": 0.8,
    "My": 0.8,
    "Mz": 0.4,
    "name": "Oreja de palo",
    "specialInfo": [],
    "hardness": 0.3,
    "resistance": 2.0,
    "hasGravity": false,
    "creativeTab": {
      "value": "CUSTOM:Chilecraft"
    },
    "destroyTool": "axe",
    "customDrop": {
      "value": "CUSTOM:Orejadepalo"
    },
    "dropAmount": 1,
    "isBeaconBase": false,
    "enchantPowerBonus": 0.0,
    "plantsGrowOn": false,
    "canProvidePower": false,
    "lightOpacity": 0,
    "material": {
      "value": "WOOD"
    },
    "tickRate": 10,
    "tickRandomly": false,
    "isReplaceable": false,
    "colorOnMap": "DEFAULT",
    "creativePickItem": {
      "value": ""
    },
    "offsetType": "NONE",
    "aiPathNodeType": "DEFAULT",
    "flammability": 0,
    "fireSpreadSpeed": 0,
    "isLadder": false,
    "slipperiness": 0.6,
    "reactionToPushing": "NORMAL",
    "isNotColidable": false,
    "soundOnStep": {
      "value": "PLANT"
    },
    "luminance": 0.0,
    "unbreakable": false,
    "breakHarvestLevel": 0,
    "spawnParticles": false,
    "particleToSpawn": {
      "value": "EXPLOSION_NORMAL"
    },
    "particleSpawningShape": "Spread",
    "particleSpawningRadious": 0.5,
    "particleAmount": 4,
    "hasInventory": false,
    "openGUIOnRightClick": false,
    "inventorySize": 9,
    "inventoryStackSize": 64,
    "inventoryDropWhenDestroyed": true,
    "inventoryComparatorPower": true,
    "inventoryOutSlotIDs": [],
    "inventoryInSlotIDs": [],
    "hasEnergyStorage": false,
    "energyInitial": 0,
    "energyCapacity": 400000,
    "energyMaxReceive": 200,
    "energyMaxExtract": 200,
    "isFluidTank": false,
    "fluidCapacity": 8000,
    "onTickUpdate": {
      "name": "OrejadepaloUpdateTick"
    },
    "spawnWorldTypes": [],
    "restrictionBiomes": [],
    "blocksToReplace": [
      {
        "value": "Blocks.STONE"
      }
    ],
    "frequencyPerChunks": 10,
    "frequencyOnChunk": 16,
    "minGenerateHeight": 0,
    "maxGenerateHeight": 64
  }
}