{
  "_fv": 10,
  "_type": "food",
  "definition": {
    "renderType": 0,
    "texture": "pastel",
    "customModelName": "Normal",
    "name": "Pastel de choclo crudo",
    "specialInfo": [],
    "creativeTab": {
      "value": "CUSTOM:Chilecraft"
    },
    "stackSize": 1,
    "nutritionalValue": 9,
    "saturation": 0.4,
    "eatingSpeed": 55,
    "forDogs": false,
    "isAlwaysEdible": false,
    "animation": "eat",
    "hasGlow": false,
    "onEaten": {
      "name": "CazuelaFoodEaten"
    }
  }
}