{
  "_fv": 10,
  "_type": "food",
  "definition": {
    "renderType": 0,
    "texture": "pinones",
    "customModelName": "Normal",
    "name": "Pi�ones",
    "specialInfo": [],
    "creativeTab": {
      "value": "CUSTOM:Chilecraft"
    },
    "stackSize": 64,
    "nutritionalValue": 1,
    "saturation": 0.1,
    "eatingSpeed": 15,
    "forDogs": false,
    "isAlwaysEdible": false,
    "animation": "eat",
    "hasGlow": false,
    "onRightClicked": {
      "name": "PinonOnFoodRightClicked"
    }
  }
}