{
  "_fv": 10,
  "_type": "food",
  "definition": {
    "renderType": 0,
    "texture": "jugouvapipeo",
    "customModelName": "Normal",
    "name": "Pipe�o tinto",
    "specialInfo": [],
    "creativeTab": {
      "value": "CUSTOM:Chilecraft"
    },
    "stackSize": 64,
    "nutritionalValue": 3,
    "saturation": 0.19999999999999998,
    "eatingSpeed": 30,
    "forDogs": false,
    "isAlwaysEdible": true,
    "animation": "drink",
    "hasGlow": false,
    "onEaten": {
      "name": "Pipeno1FoodEaten"
    }
  }
}