{
  "_fv": 10,
  "_type": "block",
  "definition": {
    "texture": "gredacocida",
    "textureTop": "greda",
    "textureLeft": "greda",
    "textureFront": "greda",
    "textureRight": "greda",
    "textureBack": "greda",
    "renderType": 2,
    "customModelName": "paltobajo:default",
    "rotationMode": 0,
    "emissiveRendering": false,
    "hasTransparency": true,
    "connectedSides": false,
    "transparencyType": "SOLID",
    "mx": 0.1,
    "my": 0.0,
    "mz": 0.1,
    "Mx": 0.9,
    "My": 0.30000000000000004,
    "Mz": 0.9,
    "name": "Plato bajo de greda cruda",
    "specialInfo": [],
    "hardness": 0.8,
    "resistance": 3.5,
    "hasGravity": false,
    "creativeTab": {
      "value": "CUSTOM:Chilecraft"
    },
    "destroyTool": "pickaxe",
    "customDrop": {
      "value": "CUSTOM:Gredaball"
    },
    "dropAmount": 3,
    "isBeaconBase": false,
    "enchantPowerBonus": 0.0,
    "plantsGrowOn": false,
    "canProvidePower": false,
    "lightOpacity": 0,
    "material": {
      "value": "ROCK"
    },
    "tickRate": 7,
    "tickRandomly": false,
    "isReplaceable": false,
    "colorOnMap": "DEFAULT",
    "creativePickItem": {
      "value": ""
    },
    "offsetType": "NONE",
    "aiPathNodeType": "DEFAULT",
    "flammability": 0,
    "fireSpreadSpeed": 0,
    "isLadder": false,
    "slipperiness": 0.6,
    "reactionToPushing": "NORMAL",
    "isNotColidable": false,
    "soundOnStep": {
      "value": "STONE"
    },
    "luminance": 0.0,
    "unbreakable": false,
    "breakHarvestLevel": 0,
    "spawnParticles": false,
    "particleToSpawn": {
      "value": "EXPLOSION_NORMAL"
    },
    "particleSpawningShape": "Spread",
    "particleSpawningRadious": 0.5,
    "particleAmount": 4,
    "hasInventory": false,
    "guiBoundTo": "<NONE>",
    "openGUIOnRightClick": false,
    "inventorySize": 9,
    "inventoryStackSize": 64,
    "inventoryDropWhenDestroyed": true,
    "inventoryComparatorPower": true,
    "inventoryOutSlotIDs": [],
    "inventoryInSlotIDs": [],
    "hasEnergyStorage": false,
    "energyInitial": 0,
    "energyCapacity": 400000,
    "energyMaxReceive": 200,
    "energyMaxExtract": 200,
    "isFluidTank": false,
    "fluidCapacity": 8000,
    "spawnWorldTypes": [],
    "restrictionBiomes": [],
    "blocksToReplace": [],
    "frequencyPerChunks": 10,
    "frequencyOnChunk": 5,
    "minGenerateHeight": 60,
    "maxGenerateHeight": 105
  }
}