{
  "_fv": 6,
  "_type": "gui",
  "definition": {
    "type": 1,
    "width": 352,
    "height": 332,
    "renderBgLayer": true,
    "components": [
      {
        "type": "label",
        "data": {
          "text": "1x1000 pesos",
          "color": {
            "value": -1,
            "falpha": 0.0
          },
          "name": "1x1000 pesos",
          "x": 374,
          "y": 148
        }
      },
      {
        "type": "button",
        "data": {
          "text": "<",
          "onClick": {
            "name": "AHReturnGui1"
          },
          "width": 40,
          "height": 40,
          "name": "<",
          "x": 264,
          "y": 186
        }
      },
      {
        "type": "button",
        "data": {
          "text": "Tula",
          "onClick": {
            "name": "TulaButtonAHGuiClickOnIt"
          },
          "width": 80,
          "height": 40,
          "name": "Tula",
          "x": 264,
          "y": 96
        }
      },
      {
        "type": "button",
        "data": {
          "text": "Palta",
          "onClick": {
            "name": "Palya"
          },
          "width": 100,
          "height": 40,
          "name": "Palta",
          "x": 264,
          "y": 141
        }
      },
      {
        "type": "label",
        "data": {
          "text": "1x500 pesos",
          "color": {
            "value": -1,
            "falpha": 0.0
          },
          "name": "1x500 pesos",
          "x": 349,
          "y": 104
        }
      }
    ]
  }
}