{
  "_fv": 6,
  "_type": "biome",
  "definition": {
    "name": "Bosque de araucaria",
    "groundBlock": {
      "value": "Blocks.DIRT#2"
    },
    "undergroundBlock": {
      "value": "Blocks.DIRT#0"
    },
    "generateLakes": false,
    "treeType": 1,
    "vanillaTreeType": "Default",
    "minHeight": 1,
    "spawnVines": false,
    "treeVines": {
      "value": "Blocks.AIR"
    },
    "treeStem": {
      "value": "CUSTOM:Araucariaegenretor"
    },
    "treeBranch": {
      "value": "Blocks.AIR"
    },
    "treeFruits": {
      "value": "Blocks.AIR"
    },
    "customColors": false,
    "airColor": {
      "value": -5916161,
      "falpha": 0.0
    },
    "grassColor": {
      "value": -16764160,
      "falpha": 0.0
    },
    "waterColor": {
      "value": -14329397,
      "falpha": 0.0
    },
    "treesPerChunk": 8,
    "grassPerChunk": 13,
    "flowersPerChunk": 4,
    "mushroomsPerChunk": 3,
    "bigMushroomsChunk": 0,
    "sandPathcesPerChunk": 0,
    "gravelPatchesPerChunk": 0,
    "reedsPerChunk": 0,
    "cactiPerChunk": 0,
    "deadBushesPerChunk": 0,
    "rainingPossibility": 0.5,
    "temperature": 0.5,
    "baseHeight": 0.1,
    "heightVariation": 0.2,
    "spawnBiome": true,
    "biomeWeight": 9,
    "biomeType": "WARM",
    "biomeCategory": "FOREST",
    "parent": {
      "value": "forest"
    },
    "biomeDictionaryTypes": [
      "FOREST"
    ],
    "spawnList": []
  }
}