{
  "_fv": 6,
  "_type": "plant",
  "definition": {
    "renderType": 12,
    "texture": "bainahuenk",
    "customModelName": "Cross model",
    "plantType": "normal",
    "growapableSpawnType": "Plains",
    "growapableMaxHeight": 3,
    "name": "Bailahuen",
    "creativeTab": {
      "value": "CUSTOM:Chilecraft"
    },
    "hardness": 0.1,
    "resistance": 0.5,
    "luminance": 0.0,
    "unbreakable": false,
    "soundOnStep": {
      "value": "PLANT"
    },
    "customDrop": {
      "value": ""
    },
    "dropAmount": 1,
    "isReplaceable": false,
    "colorOnMap": "GRASS",
    "creativePickItem": {
      "value": ""
    },
    "flammability": 0,
    "fireSpreadSpeed": 0,
    "frequencyOnChunks": 1,
    "spawnWorldTypes": [
      "Surface"
    ],
    "restrictionBiomes": [
      {
        "value": "mountains"
      },
      {
        "value": "mountains"
      }
    ]
  }
}