{
  "_fv": 6,
  "_type": "item",
  "definition": {
    "renderType": 0,
    "texture": "bonex",
    "customModelName": "Normal",
    "name": "Hueso de matapacos",
    "creativeTab": {
      "value": "CUSTOM:Chilecraft"
    },
    "stackSize": 1,
    "enchantability": 0,
    "useDuration": 1,
    "toolType": 1.1,
    "damageCount": 0,
    "destroyAnyBlock": false,
    "stayInGridWhenCrafting": false,
    "enableMeleeDamage": false,
    "damageVsEntity": 0.5,
    "specialInfo": [],
    "hasGlow": false,
    "onEntityHitWith": {
      "name": "BonaMobIsHitWithItem"
    }
  }
}