{
  "_fv": 6,
  "_type": "recipe",
  "definition": {
    "recipeType": "Crafting",
    "xpReward": 0.0,
    "recipeRetstackSize": 1,
    "recipeShapeless": false,
    "recipeSlots": [
      {
        "value": "Blocks.WOOL#14"
      },
      {
        "value": "Blocks.OBSIDIAN"
      },
      {
        "value": "Blocks.WOOL#14"
      },
      {
        "value": "Blocks.OBSIDIAN"
      },
      {
        "value": "Items.BONE"
      },
      {
        "value": "Blocks.OBSIDIAN"
      },
      {
        "value": "Blocks.WOOL#14"
      },
      {
        "value": "Blocks.OBSIDIAN"
      },
      {
        "value": "Blocks.WOOL#14"
      }
    ],
    "recipeReturnStack": {
      "value": "CUSTOM:Bona"
    },
    "name": "bonex",
    "namespace": "mod"
  }
}