{
  "_fv": 6,
  "_type": "achievement",
  "definition": {
    "achievementName": "Brindo por tu vieja que es una maraca culia",
    "achievementDescription": "Troleado man",
    "achievementIcon": {
      "value": "CUSTOM:Empanapino"
    },
    "background": "Default",
    "disableDisplay": false,
    "showPopup": true,
    "announceToChat": true,
    "hideIfNotCompleted": false,
    "rewardLoot": [],
    "rewardRecipes": [],
    "rewardFunction": "No function",
    "rewardXP": 3,
    "achievementType": "challenge",
    "parent": {
      "value": "CUSTOM:Brindo2"
    },
    "triggerxml": "<xml xmlns=\"https://developers.google.com/blockly/xml\"><block type=\"custom_trigger\" x=\"38\" y=\"48\"><next><block type=\"advancement_trigger\" deletable=\"false\"/></next></block></xml>"
  }
}