{
  "_fv": 6,
  "_type": "mob",
  "definition": {
    "mobName": "Cabra",
    "mobLabel": "",
    "mobModelTexture": "aaaa.png",
    "mobModelName": "Modelcabra",
    "modelWidth": 0.4,
    "modelHeight": 0.8,
    "modelShadowSize": 0.30000000000000004,
    "armorBaseValue": 0.0,
    "hasSpawnEgg": true,
    "spawnEggBaseColor": {
      "value": -10066330,
      "falpha": 0.0
    },
    "spawnEggDotColor": {
      "value": -16777216,
      "falpha": 0.0
    },
    "creativeTab": {
      "value": "MISC"
    },
    "isBoss": false,
    "bossBarColor": "PINK",
    "bossBarType": "PROGRESS",
    "equipmentMainHand": {
      "value": ""
    },
    "equipmentOffHand": {
      "value": ""
    },
    "equipmentHelmet": {
      "value": ""
    },
    "equipmentBody": {
      "value": ""
    },
    "equipmentLeggings": {
      "value": ""
    },
    "equipmentBoots": {
      "value": ""
    },
    "mobBehaviourType": "Creature",
    "mobCreatureType": "UNDEFINED",
    "attackStrength": 3,
    "movementSpeed": 0.3,
    "trackingRange": 64,
    "health": 10,
    "xpAmount": 5,
    "waterMob": false,
    "flyingMob": false,
    "disableCollisions": false,
    "ridable": false,
    "canControlForward": false,
    "canControlStrafe": false,
    "immuneToFire": false,
    "immuneToArrows": false,
    "immuneToFallDamage": true,
    "immuneToCactus": false,
    "immuneToDrowning": false,
    "immuneToLightning": false,
    "immuneToPotions": false,
    "immuneToPlayer": false,
    "mobDrop": {
      "value": ""
    },
    "livingSound": {
      "value": ""
    },
    "hurtSound": {
      "value": "entity.generic.hurt"
    },
    "deathSound": {
      "value": "entity.generic.death"
    },
    "spawnParticles": false,
    "particleToSpawn": {
      "value": "EXPLOSION_NORMAL"
    },
    "particleSpawningShape": "Spread",
    "particleSpawningRadious": 0.5,
    "particleAmount": 4,
    "particleSpawningCondition": "ALWAYS",
    "whenMobDies": {
      "name": "CabraEntityDies"
    },
    "onRightClickedOn": {
      "name": "CabraRightClickedOnEntity"
    },
    "hasAI": true,
    "aiBase": "(none)",
    "aixml": "<xml xmlns=\"https://developers.google.com/blockly/xml\"><block type=\"aitasks_container\" deletable=\"false\" x=\"40\" y=\"40\"><next><block type=\"wander\"><field name=\"speed\">1</field><next><block type=\"look_around\"><next><block type=\"swim_in_water\"><next><block type=\"leap_at_target\"><field name=\"speed\">0.8</field><next><block type=\"panic_when_attacked\"><field name=\"speed\">1.2</field><next><block type=\"eat_grass\"><next><block type=\"follow_item_in_hands\"><field name=\"speed\">1</field><field name=\"scared\">FALSE</field><value name=\"item\"><block type=\"mcitem_all\"><field name=\"value\">Blocks.WHEAT</field></block></value></block></next></block></next></block></next></block></next></block></next></block></next></block></next></block><block type=\"attack_action\" x=\"552\" y=\"165\"><field name=\"callhelp\">FALSE</field></block></xml>",
    "breedable": true,
    "breedTriggerItems": [
      {
        "value": "Blocks.WHEAT"
      },
      {
        "value": "Items.WHEAT"
      }
    ],
    "ranged": false,
    "rangedAttackItem": {
      "value": ""
    },
    "spawnThisMob": true,
    "doesDespawnWhenIdle": true,
    "spawningProbability": 7,
    "mobSpawningType": "creature",
    "minNumberOfMobsPerGroup": 2,
    "maxNumberOfMobsPerGroup": 5,
    "restrictionBiomes": [
      {
        "value": "mountains"
      },
      {
        "value": "snowy_tundra"
      },
      {
        "value": "snowy_mountains"
      },
      {
        "value": "desert"
      }
    ],
    "spawnInDungeons": false
  }
}