{
  "_fv": 6,
  "_type": "recipe",
  "definition": {
    "recipeType": "Crafting",
    "xpReward": 0.0,
    "recipeRetstackSize": 1,
    "group": "",
    "recipeShapeless": false,
    "recipeSlots": [
      {
        "value": "CUSTOM:Coppernugget"
      },
      {
        "value": "CUSTOM:Copperblock"
      },
      {
        "value": "CUSTOM:Coppernugget"
      },
      {
        "value": "CUSTOM:Copperingot"
      },
      {
        "value": "CUSTOM:Copperhelmet.helmet"
      },
      {
        "value": "CUSTOM:Copperingot"
      },
      {
        "value": "CUSTOM:Chargedcopperingotitem"
      },
      {
        "value": "CUSTOM:Chargedcopperingotitem"
      },
      {
        "value": "CUSTOM:Chargedcopperingotitem"
      }
    ],
    "recipeReturnStack": {
      "value": "CUSTOM:Chargedcopperhelmet.helmet"
    },
    "name": "chargedcopperhelmetrecipe",
    "namespace": "mod"
  }
}