{
  "_fv": 6,
  "_type": "food",
  "definition": {
    "renderType": 0,
    "texture": "hatspp_mage_2020-05-14_at_21.28.18_2",
    "customModelName": "Normal",
    "name": "Completo",
    "creativeTab": {
      "value": "CUSTOM:Chilecraft"
    },
    "stackSize": 64,
    "nutritionalValue": 16,
    "saturation": 0.4,
    "eatingSpeed": 42,
    "forDogs": false,
    "isAlwaysEdible": false,
    "animation": "eat",
    "hasGlow": false,
    "onCrafted": {
      "name": "CompletoItemIsCraftedsmelted"
    }
  }
}