{
  "_fv": 6,
  "_type": "tool",
  "definition": {
    "renderType": 0,
    "texture": "acha",
    "customModelName": "Normal",
    "name": "Hacha de cobre",
    "creativeTab": {
      "value": "CUSTOM:Chilecraft"
    },
    "toolType": "Pickaxe",
    "harvestLevel": 2,
    "efficiency": 6.5,
    "attackSpeed": 0.9,
    "enchantability": 7,
    "damageVsEntity": 9.0,
    "usageCount": 250,
    "blocksAffected": [],
    "hasGlow": false,
    "repairItems": [
      {
        "value": "CUSTOM:Copperingot"
      }
    ]
  }
}