{
  "_fv": 6,
  "_type": "tag",
  "definition": {
    "type": "Items",
    "items": [
      {
        "value": "CUSTOM:Laconsentida"
      },
      {
        "value": "CUSTOM:Watonloyola"
      },
      {
        "value": "Items.RECORD_13"
      },
      {
        "value": "Items.RECORD_CAT"
      },
      {
        "value": "Items.RECORD_BLOCKS"
      },
      {
        "value": "Items.RECORD_CHIRP"
      },
      {
        "value": "Items.RECORD_FAR"
      },
      {
        "value": "Items.RECORD_MALL"
      },
      {
        "value": "Items.RECORD_MELLOHI"
      },
      {
        "value": "Items.RECORD_STAL"
      },
      {
        "value": "Items.RECORD_STRAD"
      },
      {
        "value": "Items.RECORD_WARD"
      },
      {
        "value": "Items.RECORD_WAIT"
      }
    ],
    "blocks": [],
    "functions": [],
    "name": "dicoo",
    "namespace": "mod"
  }
}