{
  "_fv": 6,
  "_type": "plant",
  "definition": {
    "renderType": 12,
    "texture": "docas",
    "customModelName": "Cross model",
    "plantType": "growapable",
    "growapableSpawnType": "Beach",
    "growapableMaxHeight": 1,
    "name": "Doca",
    "creativeTab": {
      "value": "DECORATIONS"
    },
    "hardness": 0.0,
    "resistance": 0.0,
    "luminance": 0.0,
    "unbreakable": false,
    "soundOnStep": {
      "value": "PLANT"
    },
    "customDrop": {
      "value": ""
    },
    "dropAmount": 1,
    "isReplaceable": false,
    "colorOnMap": "DEFAULT",
    "creativePickItem": {
      "value": ""
    },
    "flammability": 0,
    "fireSpreadSpeed": 0,
    "frequencyOnChunks": 2,
    "spawnWorldTypes": [
      "Surface"
    ],
    "restrictionBiomes": [
      {
        "value": "beaches"
      }
    ]
  }
}