{
  "_fv": 6,
  "_type": "tool",
  "definition": {
    "renderType": 0,
    "texture": "spada_rturo_rat",
    "customModelName": "Normal",
    "name": "Espada De Arturo Prat",
    "creativeTab": {
      "value": "CUSTOM:Chilecraft"
    },
    "toolType": "Sword",
    "harvestLevel": 1,
    "efficiency": 4.0,
    "attackSpeed": 1.6,
    "enchantability": 10,
    "damageVsEntity": 9.0,
    "usageCount": 251,
    "blocksAffected": [],
    "hasGlow": false,
    "repairItems": [
      {
        "value": "Items.IRON_INGOT"
      }
    ]
  }
}