{
  "_fv": 6,
  "_type": "achievement",
  "definition": {
    "achievementName": "Mi general augusto pinochet",
    "achievementDescription": "ponte el gorro de pinochet",
    "achievementIcon": {
      "value": "CUSTOM:Piochet.helmet"
    },
    "background": "Default",
    "disableDisplay": false,
    "showPopup": true,
    "announceToChat": true,
    "hideIfNotCompleted": false,
    "rewardLoot": [],
    "rewardRecipes": [],
    "rewardFunction": "No function",
    "rewardXP": 1,
    "achievementType": "challenge",
    "parent": {
      "value": "adventure/kill_a_mob"
    },
    "triggerxml": "<xml xmlns=\"https://developers.google.com/blockly/xml\"><block type=\"custom_trigger\" x=\"37\" y=\"60\"><next><block type=\"advancement_trigger\" deletable=\"false\"/></next></block></xml>"
  }
}