{
  "_fv": 6,
  "_type": "armor",
  "definition": {
    "enableHelmet": true,
    "textureHelmet": "orro_de_on_omedia",
    "enableBody": false,
    "textureBody": "",
    "enableLeggings": false,
    "textureLeggings": "",
    "enableBoots": false,
    "textureBoots": "",
    "creativeTab": {
      "value": "CUSTOM:Chilecraft"
    },
    "armorTextureFile": "entesmoji_",
    "helmetName": "Gorro de don comedia",
    "bodyName": "Doncomedia Body",
    "leggingsName": "Doncomedia Leggings",
    "bootsName": "Doncomedia Boots",
    "helmetModelName": "Modelgorrocomedia",
    "helmetModelPart": "head",
    "helmetModelTexture": "eoji.png",
    "bodyModelName": "Default",
    "bodyModelPart": "Body",
    "bodyModelTexture": "From armor",
    "leggingsModelName": "Default",
    "leggingsModelPartL": "Leggings L",
    "leggingsModelPartR": "Leggings R",
    "leggingsModelTexture": "From armor",
    "bootsModelName": "Default",
    "bootsModelPartL": "Boots L",
    "bootsModelPartR": "Boots R",
    "bootsModelTexture": "From armor",
    "maxDamage": 50,
    "damageValueHelmet": 1,
    "damageValueBody": 6,
    "damageValueLeggings": 5,
    "damageValueBoots": 2,
    "enchantability": 0,
    "toughness": 0.5,
    "equipSound": {
      "value": ""
    },
    "repairItems": []
  }
}