{
  "_fv": 6,
  "_type": "recipe",
  "definition": {
    "recipeType": "Crafting",
    "xpReward": 0.0,
    "recipeRetstackSize": 1,
    "recipeShapeless": true,
    "recipeSlots": [
      {
        "value": ""
      },
      {
        "value": ""
      },
      {
        "value": ""
      },
      {
        "value": "CUSTOM:Uvaa"
      },
      {
        "value": "Items.GLASS_BOTTLE"
      },
      {
        "value": "CUSTOM:Uvaa"
      },
      {
        "value": ""
      },
      {
        "value": "CUSTOM:Uvaa"
      },
      {
        "value": ""
      }
    ],
    "recipeReturnStack": {
      "value": "CUSTOM:Jugo1"
    },
    "name": "jugo",
    "namespace": "mod"
  }
}