{
  "_fv": 6,
  "_type": "block",
  "definition": {
    "texture": "araucar2",
    "textureTop": "araucar2",
    "textureLeft": "araucar2",
    "textureFront": "araucar2",
    "textureRight": "araucar2",
    "textureBack": "araucar2",
    "renderType": 10,
    "customModelName": "Normal",
    "rotationMode": 0,
    "hasTransparency": true,
    "transparencyType": "CUTOUT_MIPPED",
    "mx": 0.0,
    "my": 0.0,
    "mz": 0.0,
    "Mx": 1.0,
    "My": 1.0,
    "Mz": 1.0,
    "faceShape": "SOLID",
    "name": "Hojas de araucaria",
    "specialInfo": [],
    "hardness": 0.5,
    "resistance": 8.0,
    "hasGravity": false,
    "creativeTab": {
      "value": "CUSTOM:Chilecraft"
    },
    "destroyTool": "axe",
    "affectedBySilkTouch": true,
    "customDrop": {
      "value": ""
    },
    "dropAmount": 0,
    "isBeaconBase": false,
    "enchantPowerBonus": 0.0,
    "plantsGrowOn": false,
    "canProvidePower": false,
    "lightOpacity": 255,
    "material": {
      "value": "LEAVES"
    },
    "tickRate": 7,
    "tickRandomly": false,
    "isReplaceable": false,
    "colorOnMap": "GRASS",
    "creativePickItem": {
      "value": ""
    },
    "flammability": 0,
    "fireSpreadSpeed": 0,
    "isLadder": false,
    "slipperiness": 0.6,
    "reactionToPushing": "NORMAL",
    "isNotColidable": false,
    "soundOnStep": {
      "value": "PLANT"
    },
    "luminance": 0.0,
    "unbreakable": false,
    "breakHarvestLevel": 0,
    "spawnParticles": false,
    "particleToSpawn": {
      "value": "EXPLOSION_NORMAL"
    },
    "particleSpawningShape": "Spread",
    "particleSpawningRadious": 0.5,
    "particleAmount": 4,
    "particleSpawningCondition": "ALWAYS",
    "hasInventory": false,
    "guiBoundTo": "<NONE>",
    "openGUIOnRightClick": false,
    "inventorySize": 9,
    "inventoryStackSize": 64,
    "inventoryDropWhenDestroyed": true,
    "inventoryComparatorPower": true,
    "inventoryOutSlotIDs": [],
    "onDestroyedByPlayer": {
      "name": "LeavesaraucaryBlockDestroyedByPlayer"
    },
    "onStartToDestroy": {
      "name": "LeavesaraucaryPlayerStartsToDestroy"
    },
    "spawnWorldTypes": [],
    "restrictionBiomes": [],
    "blocksToReplace": [],
    "frequencyPerChunks": 10,
    "frequencyOnChunk": 5,
    "minGenerateHeight": 60,
    "maxGenerateHeight": 105
  }
}