{
  "_fv": 6,
  "_type": "recipe",
  "definition": {
    "recipeType": "Crafting",
    "xpReward": 0.0,
    "recipeRetstackSize": 1,
    "group": "",
    "recipeShapeless": false,
    "recipeSlots": [
      {
        "value": "Items.STICK"
      },
      {
        "value": ""
      },
      {
        "value": "Items.STICK"
      },
      {
        "value": "Items.STICK"
      },
      {
        "value": ""
      },
      {
        "value": "Items.STICK"
      },
      {
        "value": "Blocks.STAINED_GLASS#15"
      },
      {
        "value": "Items.STICK"
      },
      {
        "value": "Blocks.STAINED_GLASS#15"
      }
    ],
    "recipeReturnStack": {
      "value": "CUSTOM:Lentes.helmet"
    },
    "name": "lentesngros",
    "namespace": "mod"
  }
}