{
  "_fv": 6,
  "_type": "mob",
  "definition": {
    "mobName": "Matapacos",
    "mobLabel": "WIP",
    "mobModelTexture": "matapacosww.png",
    "mobModelName": "Modelmatapaco",
    "modelWidth": 0.6,
    "modelHeight": 1.8,
    "modelShadowSize": 0.5,
    "armorBaseValue": 0.0,
    "hasSpawnEgg": false,
    "spawnEggBaseColor": {
      "value": -16777216,
      "falpha": 0.0
    },
    "spawnEggDotColor": {
      "value": -52429,
      "falpha": 0.0
    },
    "creativeTab": {
      "value": "No creative tab entry"
    },
    "isBoss": false,
    "bossBarColor": "PINK",
    "bossBarType": "PROGRESS",
    "equipmentMainHand": {
      "value": ""
    },
    "equipmentOffHand": {
      "value": ""
    },
    "equipmentHelmet": {
      "value": ""
    },
    "equipmentBody": {
      "value": ""
    },
    "equipmentLeggings": {
      "value": ""
    },
    "equipmentBoots": {
      "value": ""
    },
    "mobBehaviourType": "Creature",
    "mobCreatureType": "UNDEFINED",
    "attackStrength": 0,
    "movementSpeed": 0.4,
    "trackingRange": 64,
    "health": 40,
    "xpAmount": 5,
    "waterMob": false,
    "flyingMob": false,
    "disableCollisions": false,
    "ridable": false,
    "canControlForward": false,
    "canControlStrafe": false,
    "immuneToFire": false,
    "immuneToArrows": false,
    "immuneToFallDamage": false,
    "immuneToCactus": false,
    "immuneToDrowning": false,
    "immuneToLightning": false,
    "immuneToPotions": false,
    "immuneToPlayer": false,
    "mobDrop": {
      "value": ""
    },
    "livingSound": {
      "value": "entity.wolf.ambient"
    },
    "hurtSound": {
      "value": ""
    },
    "deathSound": {
      "value": "entity.wolf.death"
    },
    "spawnParticles": false,
    "particleToSpawn": {
      "value": "WATER_SPLASH"
    },
    "particleSpawningShape": "Spread",
    "particleSpawningRadious": 0.5,
    "particleAmount": 4,
    "particleSpawningCondition": "ALWAYS",
    "onMobTickUpdate": {
      "name": "MatapacosOnEntityTickUpdate"
    },
    "hasAI": true,
    "aiBase": "(none)",
    "aixml": "<xml xmlns=\"https://developers.google.com/blockly/xml\"><block type=\"aitasks_container\" deletable=\"false\" x=\"40\" y=\"40\"><next><block type=\"attack_action\"><field name=\"callhelp\">TRUE</field><next><block type=\"attack_entity\"><field name=\"insight\">TRUE</field><field name=\"nearby\">TRUE</field><field name=\"entity\">EntityMob</field><next><block type=\"attack_on_collide\"><field name=\"speed\">1</field><field name=\"longmemory\">TRUE</field><next><block type=\"wander\"><field name=\"speed\">1</field><next><block type=\"look_around\"><next><block type=\"swim_in_water\"/></next></block></next></block></next></block></next></block></next></block></next></block><block type=\"watch_closest_entity\" x=\"-46\" y=\"281\"><field name=\"radius\">6</field><field name=\"entity\">CUSTOM:Cabra</field></block></xml>",
    "breedable": false,
    "breedTriggerItems": [],
    "ranged": false,
    "rangedAttackItem": {
      "value": ""
    },
    "spawnThisMob": false,
    "doesDespawnWhenIdle": false,
    "spawningProbability": 1,
    "mobSpawningType": "creature",
    "minNumberOfMobsPerGroup": 1,
    "maxNumberOfMobsPerGroup": 2,
    "restrictionBiomes": [],
    "spawnInDungeons": false
  }
}