{
  "_fv": 6,
  "_type": "recipe",
  "definition": {
    "recipeType": "Crafting",
    "xpReward": 0.0,
    "recipeRetstackSize": 1,
    "recipeShapeless": true,
    "recipeSlots": [
      {
        "value": ""
      },
      {
        "value": "Items.PAPER"
      },
      {
        "value": ""
      },
      {
        "value": ""
      },
      {
        "value": "TAG:alcol"
      },
      {
        "value": ""
      },
      {
        "value": ""
      },
      {
        "value": "Items.GUNPOWDER"
      },
      {
        "value": ""
      }
    ],
    "recipeReturnStack": {
      "value": "CUSTOM:Molotovd"
    },
    "name": "mlp",
    "namespace": "mod"
  }
}