{
  "_fv": 6,
  "_type": "recipe",
  "definition": {
    "recipeType": "Crafting",
    "xpReward": 0.0,
    "recipeRetstackSize": 1,
    "group": "",
    "recipeShapeless": false,
    "recipeSlots": [
      {
        "value": "Blocks.CONCRETE#8"
      },
      {
        "value": "Blocks.CONCRETE#7"
      },
      {
        "value": ""
      },
      {
        "value": "Blocks.CONCRETE#8"
      },
      {
        "value": "Blocks.CONCRETE#8"
      },
      {
        "value": "Blocks.CONCRETE#8"
      },
      {
        "value": "Blocks.CONCRETE#8"
      },
      {
        "value": "Blocks.CONCRETE#8"
      },
      {
        "value": ""
      }
    ],
    "recipeReturnStack": {
      "value": "CUSTOM:Moai"
    },
    "name": "moaireciper",
    "namespace": "mod"
  }
}