{
  "_fv": 6,
  "_type": "plant",
  "definition": {
    "renderType": 12,
    "texture": "mora",
    "customModelName": "Cross model",
    "plantType": "normal",
    "growapableSpawnType": "Plains",
    "growapableMaxHeight": 3,
    "name": "Mora",
    "creativeTab": {
      "value": "CUSTOM:Chilecraft"
    },
    "hardness": 0.0,
    "resistance": 0.0,
    "luminance": 0.0,
    "unbreakable": false,
    "soundOnStep": {
      "value": "PLANT"
    },
    "customDrop": {
      "value": "CUSTOM:Morita"
    },
    "dropAmount": 1,
    "isReplaceable": false,
    "colorOnMap": "DEFAULT",
    "creativePickItem": {
      "value": ""
    },
    "flammability": 0,
    "fireSpreadSpeed": 0,
    "frequencyOnChunks": 2,
    "spawnWorldTypes": [
      "Surface"
    ],
    "restrictionBiomes": [
      {
        "value": "CUSTOM:Araucartforest"
      }
    ],
    "onEntityCollides": {
      "name": "MoraMobplayerCollidesWithPlant"
    },
    "onRightClicked": {
      "name": "MoraPlantRightClicked"
    }
  }
}