{
  "_fv": 6,
  "_type": "recipe",
  "definition": {
    "recipeType": "Crafting",
    "xpReward": 0.0,
    "recipeRetstackSize": 1,
    "recipeShapeless": false,
    "recipeSlots": [
      {
        "value": "Blocks.PLANKS"
      },
      {
        "value": "Blocks.WOODEN_SLAB"
      },
      {
        "value": "Blocks.PLANKS"
      },
      {
        "value": "Items.IRON_NUGGET"
      },
      {
        "value": "Items.STICK"
      },
      {
        "value": "Items.IRON_NUGGET"
      },
      {
        "value": "Items.IRON_NUGGET"
      },
      {
        "value": "Blocks.WOODEN_SLAB"
      },
      {
        "value": "Items.IRON_NUGGET"
      }
    ],
    "recipeReturnStack": {
      "value": "CUSTOM:Torn9"
    },
    "name": "n1",
    "namespace": "mod"
  }
}