{
  "_fv": 6,
  "_type": "recipe",
  "definition": {
    "recipeType": "Crafting",
    "xpReward": 0.0,
    "recipeRetstackSize": 3,
    "group": "",
    "recipeShapeless": false,
    "recipeSlots": [
      {
        "value": ""
      },
      {
        "value": ""
      },
      {
        "value": ""
      },
      {
        "value": ""
      },
      {
        "value": ""
      },
      {
        "value": ""
      },
      {
        "value": ""
      },
      {
        "value": "Items.PORKCHOP"
      },
      {
        "value": "Items.PORKCHOP"
      }
    ],
    "recipeReturnStack": {
      "value": "CUSTOM:Longa"
    },
    "name": "r25",
    "namespace": "mod"
  }
}