{
  "_fv": 6,
  "_type": "recipe",
  "definition": {
    "recipeType": "Crafting",
    "xpReward": 0.0,
    "recipeRetstackSize": 1,
    "group": "",
    "recipeShapeless": false,
    "recipeSlots": [
      {
        "value": ""
      },
      {
        "value": "Items.SUGAR"
      },
      {
        "value": ""
      },
      {
        "value": "CUSTOM:Huesillo"
      },
      {
        "value": "Items.POTIONITEM"
      },
      {
        "value": "CUSTOM:Mote"
      },
      {
        "value": ""
      },
      {
        "value": "CUSTOM:Vaso"
      },
      {
        "value": ""
      }
    ],
    "recipeReturnStack": {
      "value": "CUSTOM:Moreconhuesillo"
    },
    "name": "r27",
    "namespace": "mod"
  }
}