{
  "_fv": 6,
  "_type": "recipe",
  "definition": {
    "recipeType": "Crafting",
    "xpReward": 0.0,
    "recipeRetstackSize": 1,
    "group": "",
    "recipeShapeless": false,
    "recipeSlots": [
      {
        "value": "Items.IRON_NUGGET"
      },
      {
        "value": "Items.IRON_NUGGET"
      },
      {
        "value": "Items.IRON_NUGGET"
      },
      {
        "value": "Items.IRON_NUGGET"
      },
      {
        "value": "CUSTOM:Coppernugget"
      },
      {
        "value": "Items.IRON_NUGGET"
      },
      {
        "value": "Items.IRON_NUGGET"
      },
      {
        "value": "Items.IRON_NUGGET"
      },
      {
        "value": "Items.IRON_NUGGET"
      }
    ],
    "recipeReturnStack": {
      "value": "CUSTOM:Moneda500"
    },
    "name": "r51",
    "namespace": "mod"
  }
}