{
  "_fv": 6,
  "_type": "recipe",
  "definition": {
    "recipeType": "Crafting",
    "xpReward": 0.0,
    "recipeRetstackSize": 1,
    "recipeShapeless": true,
    "recipeSlots": [
      {
        "value": ""
      },
      {
        "value": ""
      },
      {
        "value": ""
      },
      {
        "value": "CUSTOM:Uvaroja"
      },
      {
        "value": "Items.GLASS_BOTTLE"
      },
      {
        "value": "CUSTOM:Uvaroja"
      },
      {
        "value": ""
      },
      {
        "value": "CUSTOM:Uvaroja"
      },
      {
        "value": ""
      }
    ],
    "recipeReturnStack": {
      "value": "CUSTOM:Jgo1varoja"
    },
    "name": "r56",
    "namespace": "mod"
  }
}