{
  "_fv": 6,
  "_type": "recipe",
  "definition": {
    "recipeType": "Crafting",
    "xpReward": 0.0,
    "recipeRetstackSize": 1,
    "group": "",
    "recipeShapeless": true,
    "recipeSlots": [
      {
        "value": "CUSTOM:Palta"
      },
      {
        "value": "CUSTOM:Tomatelimachino"
      },
      {
        "value": "Items.EGG"
      },
      {
        "value": "CUSTOM:Vienesacocida"
      },
      {
        "value": "Items.BREAD"
      },
      {
        "value": ""
      },
      {
        "value": ""
      },
      {
        "value": ""
      },
      {
        "value": ""
      }
    ],
    "recipeReturnStack": {
      "value": "CUSTOM:Completo"
    },
    "name": "r69",
    "namespace": "mod"
  }
}