{
  "_fv": 6,
  "_type": "recipe",
  "definition": {
    "recipeType": "Crafting",
    "xpReward": 0.0,
    "recipeRetstackSize": 1,
    "group": "",
    "recipeShapeless": true,
    "recipeSlots": [
      {
        "value": "CUSTOM:P9nao"
      },
      {
        "value": "CUSTOM:Papafrita"
      },
      {
        "value": "CUSTOM:Papafrita"
      },
      {
        "value": "CUSTOM:Webo"
      },
      {
        "value": "CUSTOM:Plao"
      },
      {
        "value": ""
      },
      {
        "value": ""
      },
      {
        "value": ""
      },
      {
        "value": ""
      }
    ],
    "recipeReturnStack": {
      "value": "CUSTOM:Chorrilana"
    },
    "name": "r88",
    "namespace": "mod"
  }
}