{
  "_fv": 6,
  "_type": "recipe",
  "definition": {
    "recipeType": "Crafting",
    "xpReward": 0.0,
    "recipeRetstackSize": 1,
    "group": "",
    "recipeShapeless": false,
    "recipeSlots": [
      {
        "value": "Items.POTIONITEM"
      },
      {
        "value": "Items.DIAMOND"
      },
      {
        "value": "Items.POTIONITEM"
      },
      {
        "value": "Blocks.RED_FLOWER#1"
      },
      {
        "value": "Items.IRON_CHESTPLATE"
      },
      {
        "value": "Blocks.RED_FLOWER"
      },
      {
        "value": "Items.POTIONITEM"
      },
      {
        "value": "Items.PRISMARINE_CRYSTALS"
      },
      {
        "value": "Items.POTIONITEM"
      }
    ],
    "recipeReturnStack": {
      "value": "CUSTOM:Fijiman.body"
    },
    "name": "r91",
    "namespace": "mod"
  }
}