{
  "_fv": 6,
  "_type": "recipe",
  "definition": {
    "recipeType": "Crafting",
    "xpReward": 0.0,
    "recipeRetstackSize": 1,
    "group": "",
    "recipeShapeless": false,
    "recipeSlots": [
      {
        "value": ""
      },
      {
        "value": "CUSTOM:Gorrocomedia.helmet"
      },
      {
        "value": ""
      },
      {
        "value": "Blocks.WOOL#9"
      },
      {
        "value": "CUSTOM:Emoj.helmet"
      },
      {
        "value": "Blocks.WOOL#9"
      },
      {
        "value": "Blocks.WOOL#9"
      },
      {
        "value": "Blocks.WOOL#9"
      },
      {
        "value": "Blocks.WOOL#9"
      }
    ],
    "recipeReturnStack": {
      "value": "CUSTOM:Doncomedia.helmet"
    },
    "name": "r94",
    "namespace": "mod"
  }
}