{
  "_fv": 6,
  "_type": "recipe",
  "definition": {
    "recipeType": "Crafting",
    "xpReward": 0.0,
    "recipeRetstackSize": 1,
    "group": "",
    "recipeShapeless": false,
    "recipeSlots": [
      {
        "value": "Items.GOLD_INGOT"
      },
      {
        "value": "Items.GHAST_TEAR"
      },
      {
        "value": "Items.GOLD_INGOT"
      },
      {
        "value": "Blocks.OBSIDIAN"
      },
      {
        "value": "CUSTOM:Lentes.helmet"
      },
      {
        "value": "Blocks.OBSIDIAN"
      },
      {
        "value": "Blocks.WOOL#14"
      },
      {
        "value": "Blocks.WOOL#14"
      },
      {
        "value": "Blocks.WOOL#14"
      }
    ],
    "recipeReturnStack": {
      "value": "CUSTOM:Capitancoror.helmet"
    },
    "name": "r95",
    "namespace": "mod"
  }
}