{
  "_fv": 6,
  "_type": "recipe",
  "definition": {
    "recipeType": "Crafting",
    "xpReward": 0.0,
    "recipeRetstackSize": 2,
    "recipeShapeless": false,
    "recipeSlots": [
      {
        "value": ""
      },
      {
        "value": ""
      },
      {
        "value": ""
      },
      {
        "value": "Items.IRON_NUGGET"
      },
      {
        "value": "Items.IRON_NUGGET"
      },
      {
        "value": ""
      },
      {
        "value": "Items.IRON_NUGGET"
      },
      {
        "value": "Items.GUNPOWDER"
      },
      {
        "value": ""
      }
    ],
    "recipeReturnStack": {
      "value": "CUSTOM:Perdogon"
    },
    "name": "rifle",
    "namespace": "mod"
  }
}